<?xml version="1.0" encoding="UTF-8" standalone="yes"?>
<addon id="plugin.program.YoshiKodiWizard" name="The Yoshi Wizard" version="1.1.8" provider-name="Y05h1mura">
  <requires>
    <import addon="xbmc.python" version="2.1.0"/>
  </requires>
  <extension point="xbmc.python.pluginsource" library="default.py">
    <provides>executable</provides>
  </extension>
  <extension point="xbmc.service" library="startup.py" start="startup" />
  <extension point="xbmc.addon.metadata">
    <summary lang="en">The Yoshi Wizard</summary>
    <description lang="en">for keeping my freinds and family updated with my latest builds</description>
    <platform>all</platform>
  </extension>
</addon>